{
  "get booking by id" : {
    "transaction" : "get booking by id",
    "sampleCount" : 600,
    "errorCount" : 0,
    "errorPct" : 0.0,
    "meanResTime" : 310.7483333333333,
    "medianResTime" : 284.0,
    "minResTime" : 261.0,
    "maxResTime" : 1315.0,
    "pct1ResTime" : 312.9,
    "pct2ResTime" : 361.94999999999993,
    "pct3ResTime" : 961.7600000000002,
    "throughput" : 29.00091836241481,
    "receivedKBytesPerSec" : 26.024925685146695,
    "sentKBytesPerSec" : 5.664241867659142
  },
  "partial update booking using patch" : {
    "transaction" : "partial update booking using patch",
    "sampleCount" : 600,
    "errorCount" : 0,
    "errorPct" : 0.0,
    "meanResTime" : 341.05333333333306,
    "medianResTime" : 289.0,
    "minResTime" : 263.0,
    "maxResTime" : 2087.0,
    "pct1ResTime" : 379.9,
    "pct2ResTime" : 840.6999999999996,
    "pct3ResTime" : 928.9300000000001,
    "throughput" : 28.971511347175277,
    "receivedKBytesPerSec" : 26.063986298889425,
    "sentKBytesPerSec" : 8.798964872042491
  },
  "update booking using put" : {
    "transaction" : "update booking using put",
    "sampleCount" : 600,
    "errorCount" : 0,
    "errorPct" : 0.0,
    "meanResTime" : 326.6533333333334,
    "medianResTime" : 290.0,
    "minResTime" : 263.0,
    "maxResTime" : 1491.0,
    "pct1ResTime" : 361.9,
    "pct2ResTime" : 444.7999999999997,
    "pct3ResTime" : 956.97,
    "throughput" : 28.978507606858248,
    "receivedKBytesPerSec" : 26.093485872977542,
    "sentKBytesPerSec" : 14.234559888915722
  },
  "Total" : {
    "transaction" : "Total",
    "sampleCount" : 4200,
    "errorCount" : 8,
    "errorPct" : 0.1904762,
    "meanResTime" : 725.1978571428587,
    "medianResTime" : 299.0,
    "minResTime" : 261.0,
    "maxResTime" : 16356.0,
    "pct1ResTime" : 1878.3000000000006,
    "pct2ResTime" : 2450.6499999999987,
    "pct3ResTime" : 3835.0,
    "throughput" : 173.09594460929773,
    "receivedKBytesPerSec" : 986.8918700930391,
    "sentKBytesPerSec" : 50.54266351384768
  },
  "login" : {
    "transaction" : "login",
    "sampleCount" : 600,
    "errorCount" : 8,
    "errorPct" : 1.3333334,
    "meanResTime" : 1847.9116666666673,
    "medianResTime" : 1454.5,
    "minResTime" : 1048.0,
    "maxResTime" : 16356.0,
    "pct1ResTime" : 3083.8,
    "pct2ResTime" : 3791.0999999999894,
    "pct3ResTime" : 5381.6900000000005,
    "throughput" : 30.30149992424625,
    "receivedKBytesPerSec" : 22.9711409777284,
    "sentKBytesPerSec" : 7.397827129942932
  },
  "delete booking" : {
    "transaction" : "delete booking",
    "sampleCount" : 600,
    "errorCount" : 0,
    "errorPct" : 0.0,
    "meanResTime" : 333.5883333333334,
    "medianResTime" : 288.0,
    "minResTime" : 262.0,
    "maxResTime" : 1358.0,
    "pct1ResTime" : 400.39999999999964,
    "pct2ResTime" : 820.0,
    "pct3ResTime" : 920.9300000000001,
    "throughput" : 28.956131460836833,
    "receivedKBytesPerSec" : 21.331393875778197,
    "sentKBytesPerSec" : 6.4189861734472276
  },
  "get booking ids" : {
    "transaction" : "get booking ids",
    "sampleCount" : 600,
    "errorCount" : 0,
    "errorPct" : 0.0,
    "meanResTime" : 1571.0199999999995,
    "medianResTime" : 1409.0,
    "minResTime" : 525.0,
    "maxResTime" : 5783.0,
    "pct1ResTime" : 2799.0,
    "pct2ResTime" : 3227.5499999999993,
    "pct3ResTime" : 4299.510000000001,
    "throughput" : 28.65192684208013,
    "receivedKBytesPerSec" : 996.8588739643523,
    "sentKBytesPerSec" : 3.8333144310204865
  },
  "createBooking" : {
    "transaction" : "createBooking",
    "sampleCount" : 600,
    "errorCount" : 0,
    "errorPct" : 0.0,
    "meanResTime" : 345.4100000000004,
    "medianResTime" : 289.0,
    "minResTime" : 261.0,
    "maxResTime" : 1838.0,
    "pct1ResTime" : 352.0,
    "pct2ResTime" : 1011.0,
    "pct3ResTime" : 1094.8400000000001,
    "throughput" : 33.04510657046869,
    "receivedKBytesPerSec" : 30.587807044115216,
    "sentKBytesPerSec" : 15.005834526628849
  }
}